k,kmer,freq_alpha0,freq_baseline,enrichment
3,AAA,0.05406486329261198,0.031659031413612565,0.022405831878999416
3,AAT,0.04686591041303083,0.025559918557300755,0.021305991855730073
3,TAA,0.04591150378126818,0.024996364165212333,0.020915139616055848
3,ATA,0.04368455497382199,0.024832751599767305,0.018851803374054683
3,ATT,0.04053955788248982,0.025169066317626526,0.015370491564863295
6,TTAAAA,0.0028675608326004104,0.0008611844034007622,0.0020063764291996483
6,AAATAA,0.0029774992670771037,0.0009894459102902375,0.001988053356786866
6,AAAATA,0.0028583992963940193,0.0010260920551158018,0.0018323072412782175
6,AAAAAT,0.0028950454412195836,0.001145192025798886,0.0017498534154206976
6,AATAAA,0.0026568454998534153,0.0009253151568454998,0.0017315303430079155

# homopolymer attribution (row 2371)
# gc_baseline_alpha1=0.4204011140046296
# gc_alpha0=0.3064959490740741
# gc_alpha0_without_longest_homopolymer=0.31097038865627896
# gc_drop_with_it=0.11390516493055547
# gc_drop_without_it=0.10943072534835063
# fraction_attributable_to_longest_homopolymer=0.039282148311121534
