split,condition_id,rows_ablated,epsilon,mask_pool_id,n_masks
singletons,singletons_000,L5r603,0.5,k=1,10
singletons,singletons_000,L5r603,1.0,k=1,10
singletons,singletons_001,L3r86,0.5,k=1,10
singletons,singletons_001,L3r86,1.0,k=1,10
singletons,singletons_002,L3r399,0.5,k=1,10
singletons,singletons_002,L3r399,1.0,k=1,10
singletons,singletons_003,L9r264,0.5,k=1,10
singletons,singletons_003,L9r264,1.0,k=1,10
singletons,singletons_004,L9r294,0.5,k=1,10
singletons,singletons_004,L9r294,1.0,k=1,10
singletons,singletons_005,L3r603,0.5,k=1,10
singletons,singletons_005,L3r603,1.0,k=1,10
singletons,singletons_006,L3r641,0.5,k=1,10
singletons,singletons_006,L3r641,1.0,k=1,10
singletons,singletons_007,L7r603,0.5,k=1,10
singletons,singletons_007,L7r603,1.0,k=1,10
singletons,singletons_008,L6r603,0.5,k=1,10
singletons,singletons_008,L6r603,1.0,k=1,10
singletons,singletons_009,L5r86,0.5,k=1,10
singletons,singletons_009,L5r86,1.0,k=1,10
fit,fit_000,L3r603;L3r641;L5r86,0.5,rho_0.25,78
fit,fit_000,L3r603;L3r641;L5r86,1.0,rho_0.25,78
fit,fit_001,L9r294;L5r86,0.5,rho_0.25,78
fit,fit_001,L9r294;L5r86,1.0,rho_0.25,78
fit,fit_002,L5r603;L3r641;L6r603,0.5,rho_0.25,78
fit,fit_002,L5r603;L3r641;L6r603,1.0,rho_0.25,78
fit,fit_003,L3r399;L9r264;L5r86,0.5,rho_0.25,78
fit,fit_003,L3r399;L9r264;L5r86,1.0,rho_0.25,78
fit,fit_004,L3r86;L6r603;L5r86,0.5,rho_0.25,78
fit,fit_004,L3r86;L6r603;L5r86,1.0,rho_0.25,78
fit,fit_005,L3r399;L6r603;L5r86,0.5,rho_0.25,78
fit,fit_005,L3r399;L6r603;L5r86,1.0,rho_0.25,78
fit,fit_006,L5r603;L3r603;L3r641,0.5,rho_0.25,78
fit,fit_006,L5r603;L3r603;L3r641,1.0,rho_0.25,78
fit,fit_007,L9r264;L9r294;L5r86,0.5,rho_0.25,78
fit,fit_007,L9r264;L9r294;L5r86,1.0,rho_0.25,78
fit,fit_008,L9r294;L7r603;L6r603,0.5,rho_0.25,78
fit,fit_008,L9r294;L7r603;L6r603,1.0,rho_0.25,78
fit,fit_009,L9r294;L7r603,0.5,rho_0.25,78
fit,fit_009,L9r294;L7r603,1.0,rho_0.25,78
fit,fit_010,L5r603;L3r399;L3r603,0.5,rho_0.25,78
fit,fit_010,L5r603;L3r399;L3r603,1.0,rho_0.25,78
fit,fit_011,L5r603;L9r264;L3r603,0.5,rho_0.25,78
fit,fit_011,L5r603;L9r264;L3r603,1.0,rho_0.25,78
fit,fit_012,L3r399;L5r86,0.5,rho_0.25,78
fit,fit_012,L3r399;L5r86,1.0,rho_0.25,78
fit,fit_013,L3r86;L3r399,0.5,rho_0.25,78
fit,fit_013,L3r86;L3r399,1.0,rho_0.25,78
fit,fit_014,L3r399;L3r603,0.5,rho_0.25,78
fit,fit_014,L3r399;L3r603,1.0,rho_0.25,78
fit,fit_015,L3r399;L3r641;L5r86,0.5,rho_0.25,78
fit,fit_015,L3r399;L3r641;L5r86,1.0,rho_0.25,78
fit,fit_016,L5r603;L3r86;L9r264,0.5,rho_0.25,78
fit,fit_016,L5r603;L3r86;L9r264,1.0,rho_0.25,78
fit,fit_017,L3r641;L7r603;L6r603,0.5,rho_0.25,78
fit,fit_017,L3r641;L7r603;L6r603,1.0,rho_0.25,78
fit,fit_018,L3r641;L5r86,0.5,rho_0.25,78
fit,fit_018,L3r641;L5r86,1.0,rho_0.25,78
fit,fit_019,L3r399;L6r603,0.5,rho_0.25,78
fit,fit_019,L3r399;L6r603,1.0,rho_0.25,78
fit,fit_020,L5r603;L9r264;L3r641,0.5,rho_0.25,78
fit,fit_020,L5r603;L9r264;L3r641,1.0,rho_0.25,78
fit,fit_021,L9r264;L3r641;L7r603,0.5,rho_0.25,78
fit,fit_021,L9r264;L3r641;L7r603,1.0,rho_0.25,78
fit,fit_022,L5r603;L3r86;L7r603;L6r603;L5r86,0.5,rho_0.5,78
fit,fit_022,L5r603;L3r86;L7r603;L6r603;L5r86,1.0,rho_0.5,78
fit,fit_023,L3r86;L9r294;L3r603;L7r603;L6r603,0.5,rho_0.5,78
fit,fit_023,L3r86;L9r294;L3r603;L7r603;L6r603,1.0,rho_0.5,78
fit,fit_024,L5r603;L3r86;L9r294;L3r603;L7r603,0.5,rho_0.5,78
fit,fit_024,L5r603;L3r86;L9r294;L3r603;L7r603,1.0,rho_0.5,78
fit,fit_025,L3r86;L9r264;L9r294;L6r603;L5r86,0.5,rho_0.5,78
fit,fit_025,L3r86;L9r264;L9r294;L6r603;L5r86,1.0,rho_0.5,78
fit,fit_026,L5r603;L3r86;L3r399;L3r641;L6r603,0.5,rho_0.5,78
fit,fit_026,L5r603;L3r86;L3r399;L3r641;L6r603,1.0,rho_0.5,78
fit,fit_027,L5r603;L3r399;L9r264;L9r294;L7r603,0.5,rho_0.5,78
fit,fit_027,L5r603;L3r399;L9r264;L9r294;L7r603,1.0,rho_0.5,78
fit,fit_028,L5r603;L3r399;L9r264;L3r603;L5r86,0.5,rho_0.5,78
fit,fit_028,L5r603;L3r399;L9r264;L3r603;L5r86,1.0,rho_0.5,78
fit,fit_029,L9r264;L9r294;L3r603;L7r603;L5r86,0.5,rho_0.5,78
fit,fit_029,L9r264;L9r294;L3r603;L7r603;L5r86,1.0,rho_0.5,78
fit,fit_030,L3r399;L9r294;L3r641;L7r603;L6r603,0.5,rho_0.5,78
fit,fit_030,L3r399;L9r294;L3r641;L7r603;L6r603,1.0,rho_0.5,78
fit,fit_031,L3r399;L9r264;L9r294;L3r603;L3r641,0.5,rho_0.5,78
fit,fit_031,L3r399;L9r264;L9r294;L3r603;L3r641,1.0,rho_0.5,78
fit,fit_032,L3r86;L9r264;L3r641;L6r603;L5r86,0.5,rho_0.5,78
fit,fit_032,L3r86;L9r264;L3r641;L6r603;L5r86,1.0,rho_0.5,78
fit,fit_033,L5r603;L9r264;L3r603;L7r603;L5r86,0.5,rho_0.5,78
fit,fit_033,L5r603;L9r264;L3r603;L7r603;L5r86,1.0,rho_0.5,78
fit,fit_034,L5r603;L3r86;L3r603;L7r603;L5r86,0.5,rho_0.5,78
fit,fit_034,L5r603;L3r86;L3r603;L7r603;L5r86,1.0,rho_0.5,78
fit,fit_035,L5r603;L3r603;L3r641;L7r603;L6r603,0.5,rho_0.5,78
fit,fit_035,L5r603;L3r603;L3r641;L7r603;L6r603,1.0,rho_0.5,78
fit,fit_036,L5r603;L3r399;L9r264;L3r603;L7r603,0.5,rho_0.5,78
fit,fit_036,L5r603;L3r399;L9r264;L3r603;L7r603,1.0,rho_0.5,78
fit,fit_037,L5r603;L9r264;L9r294;L3r641;L6r603,0.5,rho_0.5,78
fit,fit_037,L5r603;L9r264;L9r294;L3r641;L6r603,1.0,rho_0.5,78
fit,fit_038,L5r603;L3r399;L3r603;L3r641;L5r86,0.5,rho_0.5,78
fit,fit_038,L5r603;L3r399;L3r603;L3r641;L5r86,1.0,rho_0.5,78
fit,fit_039,L5r603;L3r399;L9r294;L3r603;L6r603,0.5,rho_0.5,78
fit,fit_039,L5r603;L3r399;L9r294;L3r603;L6r603,1.0,rho_0.5,78
fit,fit_040,L5r603;L9r264;L3r641;L6r603;L5r86,0.5,rho_0.5,78
fit,fit_040,L5r603;L9r264;L3r641;L6r603;L5r86,1.0,rho_0.5,78
fit,fit_041,L3r399;L3r603;L3r641;L6r603;L5r86,0.5,rho_0.5,78
fit,fit_041,L3r399;L3r603;L3r641;L6r603;L5r86,1.0,rho_0.5,78
fit,fit_042,L5r603;L3r399;L3r641;L7r603;L5r86,0.5,rho_0.5,78
fit,fit_042,L5r603;L3r399;L3r641;L7r603;L5r86,1.0,rho_0.5,78
fit,fit_043,L3r399;L9r264;L7r603;L6r603;L5r86,0.5,rho_0.5,78
fit,fit_043,L3r399;L9r264;L7r603;L6r603;L5r86,1.0,rho_0.5,78
fit,fit_044,L5r603;L3r86;L9r264;L3r603;L5r86,0.5,rho_0.5,78
fit,fit_044,L5r603;L3r86;L9r264;L3r603;L5r86,1.0,rho_0.5,78
fit,fit_045,L5r603;L9r264;L9r294;L7r603;L5r86,0.5,rho_0.5,78
fit,fit_045,L5r603;L9r264;L9r294;L7r603;L5r86,1.0,rho_0.5,78
fit,fit_046,L3r86;L3r603;L7r603;L6r603;L5r86,0.5,rho_0.5,78
fit,fit_046,L3r86;L3r603;L7r603;L6r603;L5r86,1.0,rho_0.5,78
fit,fit_047,L5r603;L3r86;L9r294;L3r641;L6r603,0.5,rho_0.5,78
fit,fit_047,L5r603;L3r86;L9r294;L3r641;L6r603,1.0,rho_0.5,78
fit,fit_048,L3r399;L9r264;L3r641;L7r603;L5r86,0.5,rho_0.5,78
fit,fit_048,L3r399;L9r264;L3r641;L7r603;L5r86,1.0,rho_0.5,78
fit,fit_049,L3r86;L9r294;L3r641;L6r603;L5r86,0.5,rho_0.5,78
fit,fit_049,L3r86;L9r294;L3r641;L6r603;L5r86,1.0,rho_0.5,78
fit,fit_050,L5r603;L3r86;L3r399;L3r603;L7r603,0.5,rho_0.5,78
fit,fit_050,L5r603;L3r86;L3r399;L3r603;L7r603,1.0,rho_0.5,78
fit,fit_051,L5r603;L3r399;L9r294;L3r603;L3r641,0.5,rho_0.5,78
fit,fit_051,L5r603;L3r399;L9r294;L3r603;L3r641,1.0,rho_0.5,78
fit,fit_052,L9r264;L9r294;L3r641;L7r603;L6r603,0.5,rho_0.5,78
fit,fit_052,L9r264;L9r294;L3r641;L7r603;L6r603,1.0,rho_0.5,78
fit,fit_053,L5r603;L9r264;L3r641;L7r603;L6r603,0.5,rho_0.5,78
fit,fit_053,L5r603;L9r264;L3r641;L7r603;L6r603,1.0,rho_0.5,78
fit,fit_054,L9r264;L3r603;L3r641;L6r603;L5r86,0.5,rho_0.5,78
fit,fit_054,L9r264;L3r603;L3r641;L6r603;L5r86,1.0,rho_0.5,78
fit,fit_055,L5r603;L3r86;L9r264;L3r603;L3r641,0.5,rho_0.5,78
fit,fit_055,L5r603;L3r86;L9r264;L3r603;L3r641,1.0,rho_0.5,78
fit,fit_056,L3r86;L3r399;L9r264;L9r294;L3r603;L3r641;L7r603;L6r603,0.5,rho_0.75,78
fit,fit_056,L3r86;L3r399;L9r264;L9r294;L3r603;L3r641;L7r603;L6r603,1.0,rho_0.75,78
fit,fit_057,L5r603;L3r86;L3r399;L9r264;L9r294;L3r603;L7r603;L5r86,0.5,rho_0.75,78
fit,fit_057,L5r603;L3r86;L3r399;L9r264;L9r294;L3r603;L7r603;L5r86,1.0,rho_0.75,78
fit,fit_058,L3r86;L3r399;L9r264;L9r294;L3r603;L3r641;L6r603;L5r86,0.5,rho_0.75,78
fit,fit_058,L3r86;L3r399;L9r264;L9r294;L3r603;L3r641;L6r603;L5r86,1.0,rho_0.75,78
fit,fit_059,L3r399;L9r294;L3r603;L3r641;L7r603;L6r603;L5r86,0.5,rho_0.75,78
fit,fit_059,L3r399;L9r294;L3r603;L3r641;L7r603;L6r603;L5r86,1.0,rho_0.75,78
fit,fit_060,L5r603;L3r86;L3r399;L9r264;L9r294;L3r603;L3r641;L7r603,0.5,rho_0.75,78
fit,fit_060,L5r603;L3r86;L3r399;L9r264;L9r294;L3r603;L3r641;L7r603,1.0,rho_0.75,78
fit,fit_061,L5r603;L3r86;L9r294;L3r603;L3r641;L7r603;L5r86,0.5,rho_0.75,78
fit,fit_061,L5r603;L3r86;L9r294;L3r603;L3r641;L7r603;L5r86,1.0,rho_0.75,78
fit,fit_062,L5r603;L3r86;L9r294;L3r603;L3r641;L7r603;L6r603,0.5,rho_0.75,78
fit,fit_062,L5r603;L3r86;L9r294;L3r603;L3r641;L7r603;L6r603,1.0,rho_0.75,78
fit,fit_063,L3r86;L3r399;L9r264;L9r294;L3r603;L3r641;L7r603;L5r86,0.5,rho_0.75,78
fit,fit_063,L3r86;L3r399;L9r264;L9r294;L3r603;L3r641;L7r603;L5r86,1.0,rho_0.75,78
fit,fit_064,L5r603;L3r86;L3r399;L3r603;L3r641;L7r603;L6r603;L5r86,0.5,rho_0.75,78
fit,fit_064,L5r603;L3r86;L3r399;L3r603;L3r641;L7r603;L6r603;L5r86,1.0,rho_0.75,78
fit,fit_065,L5r603;L3r86;L3r399;L9r294;L3r603;L7r603;L6r603,0.5,rho_0.75,78
fit,fit_065,L5r603;L3r86;L3r399;L9r294;L3r603;L7r603;L6r603,1.0,rho_0.75,78
fit,fit_066,L5r603;L3r86;L3r399;L3r641;L7r603;L6r603;L5r86,0.5,rho_0.75,78
fit,fit_066,L5r603;L3r86;L3r399;L3r641;L7r603;L6r603;L5r86,1.0,rho_0.75,78
fit,fit_067,L3r86;L3r399;L9r264;L3r603;L3r641;L7r603;L6r603,0.5,rho_0.75,78
fit,fit_067,L3r86;L3r399;L9r264;L3r603;L3r641;L7r603;L6r603,1.0,rho_0.75,78
fit,fit_068,L3r86;L9r264;L9r294;L3r603;L3r641;L6r603;L5r86,0.5,rho_0.75,78
fit,fit_068,L3r86;L9r264;L9r294;L3r603;L3r641;L6r603;L5r86,1.0,rho_0.75,78
fit,fit_069,L3r86;L3r399;L9r264;L9r294;L3r603;L7r603;L6r603,0.5,rho_0.75,78
fit,fit_069,L3r86;L3r399;L9r264;L9r294;L3r603;L7r603;L6r603,1.0,rho_0.75,78
fit,fit_070,L5r603;L3r86;L3r399;L9r264;L3r641;L6r603;L5r86,0.5,rho_0.75,78
fit,fit_070,L5r603;L3r86;L3r399;L9r264;L3r641;L6r603;L5r86,1.0,rho_0.75,78
fit,fit_071,L5r603;L3r86;L3r399;L9r264;L9r294;L3r603;L3r641;L5r86,0.5,rho_0.75,78
fit,fit_071,L5r603;L3r86;L3r399;L9r264;L9r294;L3r603;L3r641;L5r86,1.0,rho_0.75,78
fit,fit_072,L5r603;L3r399;L9r264;L9r294;L3r603;L7r603;L6r603;L5r86,0.5,rho_0.75,78
fit,fit_072,L5r603;L3r399;L9r264;L9r294;L3r603;L7r603;L6r603;L5r86,1.0,rho_0.75,78
fit,fit_073,L5r603;L3r86;L9r264;L3r603;L3r641;L7r603;L6r603,0.5,rho_0.75,78
fit,fit_073,L5r603;L3r86;L9r264;L3r603;L3r641;L7r603;L6r603,1.0,rho_0.75,78
fit,fit_074,L5r603;L3r86;L9r294;L3r603;L3r641;L6r603;L5r86,0.5,rho_0.75,78
fit,fit_074,L5r603;L3r86;L9r294;L3r603;L3r641;L6r603;L5r86,1.0,rho_0.75,78
fit,fit_075,L5r603;L3r399;L9r264;L3r603;L3r641;L7r603;L6r603;L5r86,0.5,rho_0.75,78
fit,fit_075,L5r603;L3r399;L9r264;L3r603;L3r641;L7r603;L6r603;L5r86,1.0,rho_0.75,78
fit,fit_076,L5r603;L3r86;L3r399;L9r294;L3r603;L7r603;L6r603;L5r86,0.5,rho_0.75,78
fit,fit_076,L5r603;L3r86;L3r399;L9r294;L3r603;L7r603;L6r603;L5r86,1.0,rho_0.75,78
fit,fit_077,L5r603;L3r86;L9r264;L9r294;L3r603;L3r641;L6r603;L5r86,0.5,rho_0.75,78
fit,fit_077,L5r603;L3r86;L9r264;L9r294;L3r603;L3r641;L6r603;L5r86,1.0,rho_0.75,78
calibration,calibration_000,L9r294;L3r641;L7r603,0.5,rho_0.25,20
calibration,calibration_000,L9r294;L3r641;L7r603,1.0,rho_0.25,20
calibration,calibration_001,L3r603;L7r603,0.5,rho_0.25,20
calibration,calibration_001,L3r603;L7r603,1.0,rho_0.25,20
calibration,calibration_002,L5r603;L9r264;L9r294,0.5,rho_0.25,20
calibration,calibration_002,L5r603;L9r264;L9r294,1.0,rho_0.25,20
calibration,calibration_003,L3r399;L9r294;L3r603,0.5,rho_0.25,20
calibration,calibration_003,L3r399;L9r294;L3r603,1.0,rho_0.25,20
calibration,calibration_004,L3r86;L9r264;L3r603,0.5,rho_0.25,20
calibration,calibration_004,L3r86;L9r264;L3r603,1.0,rho_0.25,20
calibration,calibration_005,L3r399;L3r603;L7r603,0.5,rho_0.25,20
calibration,calibration_005,L3r399;L3r603;L7r603,1.0,rho_0.25,20
calibration,calibration_006,L3r86;L3r399;L9r294;L3r641;L5r86,0.5,rho_0.5,20
calibration,calibration_006,L3r86;L3r399;L9r294;L3r641;L5r86,1.0,rho_0.5,20
calibration,calibration_007,L5r603;L3r86;L9r264;L3r603;L7r603,0.5,rho_0.5,20
calibration,calibration_007,L5r603;L3r86;L9r264;L3r603;L7r603,1.0,rho_0.5,20
calibration,calibration_008,L3r399;L9r264;L9r294;L3r603;L6r603,0.5,rho_0.5,20
calibration,calibration_008,L3r399;L9r264;L9r294;L3r603;L6r603,1.0,rho_0.5,20
calibration,calibration_009,L3r86;L9r264;L7r603;L6r603;L5r86,0.5,rho_0.5,20
calibration,calibration_009,L3r86;L9r264;L7r603;L6r603;L5r86,1.0,rho_0.5,20
calibration,calibration_010,L5r603;L3r86;L9r294;L3r641;L7r603,0.5,rho_0.5,20
calibration,calibration_010,L5r603;L3r86;L9r294;L3r641;L7r603,1.0,rho_0.5,20
calibration,calibration_011,L3r399;L9r264;L3r603;L7r603;L5r86,0.5,rho_0.5,20
calibration,calibration_011,L3r399;L9r264;L3r603;L7r603;L5r86,1.0,rho_0.5,20
calibration,calibration_012,L3r86;L3r399;L9r264;L7r603;L6r603,0.5,rho_0.5,20
calibration,calibration_012,L3r86;L3r399;L9r264;L7r603;L6r603,1.0,rho_0.5,20
calibration,calibration_013,L5r603;L3r399;L9r294;L3r641;L5r86,0.5,rho_0.5,20
calibration,calibration_013,L5r603;L3r399;L9r294;L3r641;L5r86,1.0,rho_0.5,20
calibration,calibration_014,L5r603;L3r86;L9r294;L3r641;L7r603;L6r603;L5r86,0.5,rho_0.75,20
calibration,calibration_014,L5r603;L3r86;L9r294;L3r641;L7r603;L6r603;L5r86,1.0,rho_0.75,20
calibration,calibration_015,L5r603;L3r86;L3r399;L9r294;L3r603;L6r603;L5r86,0.5,rho_0.75,20
calibration,calibration_015,L5r603;L3r86;L3r399;L9r294;L3r603;L6r603;L5r86,1.0,rho_0.75,20
calibration,calibration_016,L5r603;L3r86;L3r399;L9r294;L3r603;L3r641;L7r603,0.5,rho_0.75,20
calibration,calibration_016,L5r603;L3r86;L3r399;L9r294;L3r603;L3r641;L7r603,1.0,rho_0.75,20
calibration,calibration_017,L5r603;L3r86;L3r399;L9r264;L9r294;L3r641;L7r603;L5r86,0.5,rho_0.75,20
calibration,calibration_017,L5r603;L3r86;L3r399;L9r264;L9r294;L3r641;L7r603;L5r86,1.0,rho_0.75,20
calibration,calibration_018,L5r603;L3r86;L3r399;L9r264;L9r294;L3r603;L6r603;L5r86,0.5,rho_0.75,20
calibration,calibration_018,L5r603;L3r86;L3r399;L9r264;L9r294;L3r603;L6r603;L5r86,1.0,rho_0.75,20
calibration,calibration_019,L3r86;L3r399;L9r294;L3r641;L7r603;L6r603;L5r86,0.5,rho_0.75,20
calibration,calibration_019,L3r86;L3r399;L9r294;L3r641;L7r603;L6r603;L5r86,1.0,rho_0.75,20
held_out,held_out_000,L6r603;L5r86,0.5,rho_0.25,20
held_out,held_out_000,L6r603;L5r86,1.0,rho_0.25,20
held_out,held_out_001,L9r264;L3r641,0.5,rho_0.25,20
held_out,held_out_001,L9r264;L3r641,1.0,rho_0.25,20
held_out,held_out_002,L3r399;L9r294;L3r641,0.5,rho_0.25,20
held_out,held_out_002,L3r399;L9r294;L3r641,1.0,rho_0.25,20
held_out,held_out_003,L9r264;L3r603;L5r86,0.5,rho_0.25,20
held_out,held_out_003,L9r264;L3r603;L5r86,1.0,rho_0.25,20
held_out,held_out_004,L3r641;L7r603;L5r86,0.5,rho_0.25,20
held_out,held_out_004,L3r641;L7r603;L5r86,1.0,rho_0.25,20
held_out,held_out_005,L5r603;L9r294;L3r641,0.5,rho_0.25,20
held_out,held_out_005,L5r603;L9r294;L3r641,1.0,rho_0.25,20
held_out,held_out_006,L5r603;L3r86;L3r399;L9r294;L3r641,0.5,rho_0.5,20
held_out,held_out_006,L5r603;L3r86;L3r399;L9r294;L3r641,1.0,rho_0.5,20
held_out,held_out_007,L5r603;L9r264;L3r603;L3r641;L6r603,0.5,rho_0.5,20
held_out,held_out_007,L5r603;L9r264;L3r603;L3r641;L6r603,1.0,rho_0.5,20
held_out,held_out_008,L3r86;L3r399;L7r603;L6r603;L5r86,0.5,rho_0.5,20
held_out,held_out_008,L3r86;L3r399;L7r603;L6r603;L5r86,1.0,rho_0.5,20
held_out,held_out_009,L5r603;L3r399;L9r264;L3r641;L7r603,0.5,rho_0.5,20
held_out,held_out_009,L5r603;L3r399;L9r264;L3r641;L7r603,1.0,rho_0.5,20
held_out,held_out_010,L3r399;L3r603;L3r641;L7r603;L5r86,0.5,rho_0.5,20
held_out,held_out_010,L3r399;L3r603;L3r641;L7r603;L5r86,1.0,rho_0.5,20
held_out,held_out_011,L9r264;L3r603;L3r641;L7r603;L5r86,0.5,rho_0.5,20
held_out,held_out_011,L9r264;L3r603;L3r641;L7r603;L5r86,1.0,rho_0.5,20
held_out,held_out_012,L5r603;L3r86;L3r603;L6r603;L5r86,0.5,rho_0.5,20
held_out,held_out_012,L5r603;L3r86;L3r603;L6r603;L5r86,1.0,rho_0.5,20
held_out,held_out_013,L5r603;L3r399;L7r603;L6r603;L5r86,0.5,rho_0.5,20
held_out,held_out_013,L5r603;L3r399;L7r603;L6r603;L5r86,1.0,rho_0.5,20
held_out,held_out_014,L5r603;L3r86;L3r399;L9r294;L3r641;L7r603;L6r603;L5r86,0.5,rho_0.75,20
held_out,held_out_014,L5r603;L3r86;L3r399;L9r294;L3r641;L7r603;L6r603;L5r86,1.0,rho_0.75,20
held_out,held_out_015,L3r86;L9r264;L9r294;L3r603;L3r641;L7r603;L6r603;L5r86,0.5,rho_0.75,20
held_out,held_out_015,L3r86;L9r264;L9r294;L3r603;L3r641;L7r603;L6r603;L5r86,1.0,rho_0.75,20
held_out,held_out_016,L5r603;L3r399;L9r264;L3r603;L3r641;L7r603;L5r86,0.5,rho_0.75,20
held_out,held_out_016,L5r603;L3r399;L9r264;L3r603;L3r641;L7r603;L5r86,1.0,rho_0.75,20
held_out,held_out_017,L5r603;L3r86;L9r294;L3r603;L7r603;L6r603;L5r86,0.5,rho_0.75,20
held_out,held_out_017,L5r603;L3r86;L9r294;L3r603;L7r603;L6r603;L5r86,1.0,rho_0.75,20
held_out,held_out_018,L5r603;L3r399;L9r264;L3r603;L3r641;L6r603;L5r86,0.5,rho_0.75,20
held_out,held_out_018,L5r603;L3r399;L9r264;L3r603;L3r641;L6r603;L5r86,1.0,rho_0.75,20
held_out,held_out_019,L3r86;L3r399;L9r264;L3r603;L3r641;L6r603;L5r86,0.5,rho_0.75,20
held_out,held_out_019,L3r86;L3r399;L9r264;L3r603;L3r641;L6r603;L5r86,1.0,rho_0.75,20
