model_id	slug	domain	architecture	candidate_layer	candidate_row	activation_max	activation_ratio	ratio_median_24	ratio_cv_24	rank_median_24	frac_rank1	max_position_at_0_fraction	q1	layer_relative_frobenius	R_cand_eps0.5	R_cand_eps1.0	G_eps0.5	G_eps1.0	endpoint_type	baseline_loss
Llama-7B	llama	text	decoder	2	3968	1312.5889892578125	4012.5741379477513	4014.2263260623854	0.005174281590996205	1.0	1.0	1.0	0.9888168037615727	29.40138041715147	0.03855088724231734	3.007945593585156	0.03854803371080845	3.0079367925364453	causal_LM_NLL	2.2452528551553326
Mistral-7B	mistral	text	decoder	1	2070	308.39774322509766	1742.7855015665755	1733.4413060746206	0.02296232702957626	1.0	1.0	0.0	0.9922047361077938	26.83185497075223	3.013789457796915	2.871492377308394	3.013787745618323	2.871487355495076	causal_LM_NLL	2.207224828193799
OLMo-7B-0724-hf	olmo	text	decoder	1	269	360.54063669840497	2334.5576711987965	2334.8053789343376	0.03247211160837499	1.0	1.0	1.0	0.964564665808712	39.201088887877	0.006288051768048048	1.1177580569022323	0.006291973009680158	1.1177654513530053	causal_LM_NLL	2.4953157010610325
Qwen2.5-7B	qwen25-7b	text	decoder	26	458	8715.02197265625	634.9692822227634	636.1217418831033	0.03033563428929283	1.0	1.0	0.875	0.9529104185966117	9.28343928087795	0.005999443397646881	0.0073805601611145735	0.006002440709397772	0.007381024588325897	causal_LM_NLL	2.448377902932363
MosaicBERT	mosaicbert	text	encoder	9	287	1.3529467582702637	10.421505545183182	10.421505545183182	0.0	1.0	1.0	0.0	0.4765682244123624	5.049000470198418	-0.0017349806458838244	0.003742157414503058	-0.0017104883762632133	0.0037582067248581267	MLM	2.7671481196541836
ModernBERT-base	modernbert-base	text	encoder	15	251	31040.822509765625	711.537430962357	714.279611898176	0.059158515010448734	1.0	1.0	0.0	0.8969889514776379	23.548648733071218	0.10926316989708436	3.570440314807799	0.10924931019771256	3.570375462417107	MLM	1.52405771854778
NTv3	ntv3	genomic	encoder	11	1472	1771.196797688802	121.86181719223082	101.41482115811172	0.5723528411679405	1.0	1.0	0.041666666666666664	0.38889396751753286	3.612997884175097	-0.004981039705982557	-0.007949366731059835	-0.004980184220648604	-0.007947663656522112	MLM	1.1444061123196168
DNABERT-2	dnabert2	genomic	encoder	5	603	158.62844848632812	155.7887049806258	155.7887049806258	0.0	1.0	1.0	1.0	0.7933113982887636	5.018335080977002	0.003106690560738079	0.008295371435906092	0.0031053386799749145	0.008284782252515204	MLM	4.695280693847892
GENERator-EUK-3B	generator-euk-3b	genomic	decoder	4	2371	375361.3125	7124.084927150937	7124.084927150937	0.0	1.0	1.0	1.0	0.9688691252375834	12.244005701455277	0.04290482058827287	0.3709941910582313	0.04289761002286785	0.3709751342038996	causal_LM_NLL	6.38538052380085
GenomeOcean-4B	genomeocean-4b	genomic	decoder	1	2604	97.87730471293132	1089.3601021720417	1086.920813697369	0.011972193501450349	1.0	1.0	1.0	0.8989077166811766	19.50444951690311	0.0042586670025043395	0.007641126234624247	0.004265294142870334	0.0076541821927254465	causal_LM_NLL	5.258974985957734
Qwen/Qwen2.5-0.5B	qwen25-0.5b	text	decoder	21	62	1606.7865956624348	531.1337615476585	523.1341540218882	0.048369268919490456	1.0	1.0	1.0	0.9981566830594912	30.623268771468037	0.005163987341006483	0.005556031100779856	0.005117727075492106	0.005436874945699274	causal_LM_NLL	3.1279006390655577
Qwen/Qwen2.5-1.5B	qwen25-1.5b	text	decoder	26	408	6713.606953938802	610.7970073476146	611.05108770521	0.029379997486440834	1.0	1.0	1.0	0.9950986414892103	22.28607583079485	0.005991425378877851	0.006480525715832325	0.005981528661766525	0.006452201824674416	causal_LM_NLL	2.7555732479207435
Qwen/Qwen2.5-3B	qwen25-3b	text	decoder	30	318	2667.0135396321616	447.2512647249885	445.676543425653	0.03498229686343531	1.0	1.0	0.6666666666666666	0.8173600221565082	8.318105315988955	0.02036779513602715	0.03175519925651747	0.02035468689253282	0.0317230068450099	causal_LM_NLL	2.611140428158635
HuggingFaceTB/SmolLM2-135M	smollm2-135m	text	decoder	11	507	19313.749348958332	1535.1358428708	1539.0766105039197	0.02252724765136475	1.0	1.0	1.0	0.9243918826993042	12.47718017297001	0.03780837142953165	3.1341752821146263	0.03780163082359109	3.1341348790152725	causal_LM_NLL	3.3001462359344425
HuggingFaceTB/SmolLM2-360M	smollm2-360m	text	decoder	3	87	18116.9228515625	1808.634508518411	1814.3246717492466	0.024889571547078663	1.0	1.0	1.0	0.9742504779226046	22.37669908683808	0.022680901177107363	0.5915447008237732	0.022667569491602337	0.5915061267493058	causal_LM_NLL	2.992406347465142
HuggingFaceTB/SmolLM2-1.7B	smollm2-1.7b	text	decoder	7	227	25175.975992838543	4488.878168254759	4439.338244560368	0.04008627704937705	1.0	1.0	0.875	0.9663919138439745	15.535443754242134	0.03905575617362741	6.988738472947954	0.03906230178820997	6.988746549892805	causal_LM_NLL	2.6145340592893835
GenerTeam/GENERator-v2-prokaryote-1.2b-base	generator-prok-1.2b	genomic	decoder	4	798	7997.40478515625	239.50514928746688	239.50514928746685	1.1866846919558608e-16	1.0	1.0	1.0	0.8468514071586476	3.222349081478031	0.0018237718323049219	0.006042811947788043	0.0018324206558893383	0.006059768734388123	causal_LM_NLL	8.127733578681946
GenerTeam/GENERator-v2-prokaryote-3b-base	generator-prok-3b	genomic	decoder	8	260	30167.068359375	257.26798961027333	257.26798961027333	0.0	1.0	1.0	1.0	0.934973533990709	7.656615220640426	0.00140949838720012	0.002501651718659897	0.001410511932590475	0.002503532942257296	causal_LM_NLL	8.23783396244049
EuroBERT/EuroBERT-210m	eurobert-210m	text	encoder	3	300	122.18316109975179	105.1993188597073	105.20179667467588	0.014394967004869965	1.0	1.0	0.0	0.9838491163147434	14.949934194686236	0.0009938638870853646	0.0015891712537865418	0.0009987249968849252	0.0016044689181243473	MLM	8.251931444703054
EuroBERT/EuroBERT-610m	eurobert-610m	text	encoder	13	762	676.2459424336752	1588.2871570093357	1587.5499191127205	0.006916578442561812	1.0	1.0	0.0	0.9996238293034937	57.21725262189751	-0.008384070706225917	0.009219914029773508	-0.008376722490132245	0.009233662130237843	MLM	9.218351562100363
EuroBERT/EuroBERT-2.1B	eurobert-2.1b	text	encoder	14	2198	371.1400604248047	586.4797515880183	578.9191046078433	0.03992626126659137	1.0	1.0	0.0	0.9977414719034632	20.893724690144545	-3.873112244302346e-05	-0.00011898446726430181	-4.921311669156121e-05	-0.0001428010336684095	MLM	8.12560979581756
answerdotai/ModernBERT-large	modernbert-large	text	encoder	19	379	21528.246337890625	787.0997076387815	786.799274316106	0.17610868143431951	1.0	1.0	0.0	0.9701337490592797	26.575958286152655	0.08090224393281813	2.2066469967108513	0.08090690615004259	2.206636251118082	MLM	1.223925887615726
