model,repo,revision,family,domain,architecture,total_params,non_embed_params,d_model,d_ffn,n_layers,layer,row,relative_depth,q1,pr_spec,frob_norm,detection_ratio,layer_median_frob_norm,candidate_frob_norm_ratio_to_layer_median,gated_evidence,dtype,source,source_type
Llama-7B,huggyllama/llama-7b,unpinned (E5/E6 original),Llama,text,decoder,6738417664,6476273664,4096,11008,32,2,3968,0.0625,0.9888168037615727,1.022653174688543,137.61641832032996,,,,gate_proj/up_proj/down_proj (LlamaMLP SwiGLU),float32,results/experiments/E7/e7_legacy_reanalysis.json,cited
Mistral-7B,mistralai/Mistral-7B-v0.1,unpinned (E5/E6 original),Mistral,text,decoder,7241732096,6979588096,4096,14336,32,1,2070,0.03125,0.9922047361077938,1.0157714240616442,0.38834723364706875,,,,gate_proj/up_proj/down_proj (MistralMLP SwiGLU),float32,results/experiments/E7/e7_legacy_reanalysis.json,cited
OLMo-7B-0724-hf,allenai/OLMo-7B-0724-hf,unpinned (E5/E6 original),OLMo-v1,text,decoder,6888095744,6476005376,4096,11008,32,1,269,0.03125,0.964564665808712,1.07470169944751,0.9110752807676615,,,,gate_proj/up_proj/down_proj (OlmoMLP SwiGLU),float32,results/experiments/E7/e7_legacy_reanalysis.json,cited
Phi-3-mini-4k-instruct,microsoft/Phi-3-mini-4k-instruct,f39ac1d28e925b323eae81227eaba4464caced4e,Phi-3,text,decoder,3821079552,3624078336,3072,8192,32,"2 & 4 (6 published rows, median)","525/1693/1113 (L2), 525/1113/1693 (L4)",,0.9028,1.2249,nan,,,,"packed gate_up_proj, chunked (Phi3MLP SwiGLU)",float32,experiments/E7_exact_dimensionality/RESULTS.md,cited
Qwen2.5-7B,Qwen/Qwen2.5-7B,d149729398750b98c0af14eb82c78cfe92750796,Qwen2.5,text,decoder,7615616512,6525621760,3584,18944,28,26,458,0.9285714285714286,0.9529104185966117,1.0995461100252455,29.68742128221388,,,,gate_proj/up_proj/down_proj (Qwen2MLP SwiGLU),float32,results/experiments/E7/e7_phase1_detection_qwen25.json,cited
MosaicBERT,mosaicml/mosaic-bert-base,c89bbadc24278928f22bcdd7de6b61a5a2d08553,MosaicBERT,text,encoder,137400384,113951808,768,3072,12,9,287,0.75,0.4765682244123624,4.115864702588391,19.997746047192482,,,,"packed gated_layers, chunked (GeGLU-style)",float32,results/e8_detection_mosaicbert.json,cited
ModernBERT-base,answerdotai/ModernBERT-base,8949b909ec900327062f0ebf497f51aef5e6f0c8,ModernBERT,text,encoder,149655232,110972608,768,1152,22,15,251,0.6818181818181818,0.8969889514776379,1.2336584717613133,836.046538392924,,,,"packed Wi, chunked input/gate -> Wo (GeGLU)",float32,results/e8_detection_modernbert.json,cited
NTv3,InstaDeepAI/NTv3_650M_pre,unpinned (E5/E6 original),NTv3,genomic,encoder,651829819,651829819,1536,6144,12,11,1472,0.9166666666666666,0.38889396751753286,6.4803244910178845,441.5173190114778,,,,"packed fc1 [12288,1536] (2x fc2's 6144 d_ffn), chunked",float32,results/experiments/E7/e7_legacy_reanalysis.json,cited
DNABERT-2,zhihan1996/DNABERT-2-117M,7bce263b15377fc15361f52cfab88f8b586abda0,DNABERT-2,genomic,encoder,117074176,113925376,768,3072,12,5,603,0.4166666666666667,0.7933113982887636,1.503287698117315,74.00855774610585,,,,packed Wqkvff-style gated MLP (bert_layers.py GLU),float32,results/experiments/E7/e7_legacy_reanalysis.json,cited
GENERator-EUK-3B,GenerTeam/GENERator-v2-eukaryote-3b-base,7dc01bccce5b65e15141170538afdc2ff09d8dde,GENERator-EUK,genomic,decoder,2998262784,2972900352,3072,8448,30,4,2371,0.13333333333333333,0.9688691252375834,1.0652593586761891,522.1322102348346,,,,gate_proj/up_proj/down_proj (Llama-superset SwiGLU),float32,results/experiments/E7/e7_legacy_reanalysis.json,cited
GenomeOcean-4B,DOEJGI/GenomeOcean-4B,2bed2fc3ed47c5f6955ba3e64563512c9b338dfb,GenomeOcean,genomic,decoder,4253174784,4228008960,3072,16384,24,1,2604,0.041666666666666664,0.8989077166811766,1.2243008136348879,2.8832156466529963,,,,gate_proj/up_proj/down_proj (Mistral-arch SwiGLU),float32,results/experiments/E7/e7_phase1_detection_genomeocean.json,cited
Qwen/Qwen2.5-0.5B,Qwen/Qwen2.5-0.5B,060db6499f32faf8b98477b0a26969ef7d8b9987,Qwen2.5,text,decoder,494032768,357898112,896,4864,24,21,62,0.875,0.9981566830594912,1.003696649788444,18.726591709019885,547.7380960339361,0.6115151144957984,30.623268771468037,gate_proj/up_proj/down_proj (separate SwiGLU-style projections),float32,results/experiments/E11/raw/qwen25-0.5b.json,measured
Qwen/Qwen2.5-1.5B,Qwen/Qwen2.5-1.5B,8faed761d45a263340a0528343f099c05c9a4323,Qwen2.5,text,decoder,1543714304,1310340608,1536,8960,28,26,408,0.9285714285714286,0.9950986414892103,1.0098722524248653,86.68857568622904,608.3004507965339,3.8898088808637614,22.28607583079485,gate_proj/up_proj/down_proj (separate SwiGLU-style projections),float32,results/experiments/E11/raw/qwen25-1.5b.json,measured
Qwen/Qwen2.5-3B,Qwen/Qwen2.5-3B,3aab1f1954e9cc14eb9509a215f9e5ca08227a9b,Qwen2.5,text,decoder,3085938688,2774773760,2048,11008,36,30,318,0.8333333333333334,0.8173600221565082,1.4393617425532852,37.905147328895474,425.0562974794937,4.556944867725429,8.318105315988955,gate_proj/up_proj/down_proj (separate SwiGLU-style projections),float32,results/experiments/E11/raw/qwen25-3b.json,measured
HuggingFaceTB/SmolLM2-135M,HuggingFaceTB/SmolLM2-135M,93efa2f097d58c2a74874c7e644dbc9b0cee75a2,SmolLM2,text,decoder,134515008,106203456,576,1536,30,11,507,0.36666666666666664,0.9243918826993042,1.169251561735028,2002.997197003894,1578.6014348892807,160.53284229581737,12.47718017297001,gate_proj/up_proj/down_proj (separate SwiGLU-style projections),float32,results/experiments/E11/raw/smollm2-135m.json,measured
HuggingFaceTB/SmolLM2-360M,HuggingFaceTB/SmolLM2-360M,f8027fd0eaeea54caa13c31d31b9fdc459c38b49,SmolLM2,text,decoder,361821120,314635200,960,2560,32,3,87,0.09375,0.9742504779226046,1.0535466426798263,5692.495943194842,1855.7432971298485,254.39390864147404,22.37669908683808,gate_proj/up_proj/down_proj (separate SwiGLU-style projections),float32,results/experiments/E11/raw/smollm2-360m.json,measured
HuggingFaceTB/SmolLM2-1.7B,HuggingFaceTB/SmolLM2-1.7B,effd688a12921b4cc83e3312b6feb579f70f9c71,SmolLM2,text,decoder,1711376384,1610713088,2048,8192,24,7,227,0.2916666666666667,0.9663919138439745,1.0707002949326883,3922.6019896226653,4647.756022355401,252.49372027442428,15.535443754242134,gate_proj/up_proj/down_proj (separate SwiGLU-style projections),float32,results/experiments/E11/raw/smollm2-1.7b.json,measured
GenerTeam/GENERator-v2-prokaryote-1.2b-base,GenerTeam/GENERator-v2-prokaryote-1.2b-base,8b2f768b0d293953518ff91d34600f9322ef1f94,GENERator-PROK,genomic,decoder,1162061824,1145153536,2048,5632,26,4,798,0.15384615384615385,0.8468514071586476,1.3942039532761663,6.219604570429286,239.50503984131333,1.9301461179918071,3.222349081478031,gate_proj/up_proj/down_proj (separate SwiGLU-style projections),float32,results/experiments/E11/raw/generator-prok-1.2b.json,measured
GenerTeam/GENERator-v2-prokaryote-3b-base,GenerTeam/GENERator-v2-prokaryote-3b-base,b18ac86df77359d894d7bc050cea78e2d0713021,GENERator-PROK,genomic,decoder,2998262784,2972900352,3072,8448,30,8,260,0.26666666666666666,0.934973533990709,1.143862862462253,52.16156499457906,257.2681402610017,6.812614124053642,7.656615220640426,gate_proj/up_proj/down_proj (separate SwiGLU-style projections),float32,results/experiments/E11/raw/generator-prok-3b.json,measured
EuroBERT/EuroBERT-210m,EuroBERT/EuroBERT-210m,39b51e15dd1f1a06f58b5cbf6a8a188cec60bd0e,EuroBERT,text,encoder,310266624,113265408,768,3072,12,3,300,0.25,0.9838491163147434,1.0329040152598965,2.0419119424635404,101.50225104036197,0.13658333982428578,14.949934194686236,gate_proj/up_proj/down_proj (separate SwiGLU-style projections),float32,results/experiments/E11/raw/eurobert-210m.json,measured
EuroBERT/EuroBERT-610m,EuroBERT/EuroBERT-610m,d9af784ed20db6c2096e335ec6a67dd4a219924c,EuroBERT,text,encoder,755625600,460123776,1152,4096,26,13,762,0.5,0.9996238293034937,1.0007527536463374,8.106532412548177,1580.3586102450065,0.14167986124950258,57.21725262189751,gate_proj/up_proj/down_proj (separate SwiGLU-style projections),float32,results/experiments/E11/raw/eurobert-610m.json,measured
EuroBERT/EuroBERT-2.1B,EuroBERT/EuroBERT-2.1B,81245a4d71f43452badf5e04458e4ddb831ff109,EuroBERT,text,encoder,2403092736,1812089088,2304,6144,32,14,2198,0.4375,0.9977414719034632,1.0045322505182814,2.750915946112038,572.9956471013313,0.13166230468278498,20.893724690144545,gate_proj/up_proj/down_proj (separate SwiGLU-style projections),float32,results/experiments/E11/raw/eurobert-2.1b.json,measured
answerdotai/ModernBERT-large,answerdotai/ModernBERT-large,45bb4654a4d5aaff24dd11d4781fa46d39bf8c13,ModernBERT,text,encoder,395881664,344253440,1024,2624,28,19,379,0.6785714285714286,0.9701337490592797,1.0621492362619986,708.1322939648359,687.0649430706966,26.645597736876592,26.575958286152655,packed Wi (chunked input/gate) -> elementwise product -> Wo (ModernBERT-style GeGLU),float32,results/experiments/E11/raw/modernbert-large.json,measured
