model,layer,row,q1,pr_spec,frob_norm
Qwen/Qwen2.5-0.5B,21,196,0.020779069698598558,250.49929633434945,0.656435521844999
Qwen/Qwen2.5-0.5B,21,444,0.0273435113016163,233.36549837528332,0.632509667504553
Qwen/Qwen2.5-0.5B,21,520,0.019476790348757125,265.59042711227835,0.5686688548386324
Qwen/Qwen2.5-0.5B,21,815,0.050076343357488506,171.97268083464684,0.5865169025527616
Qwen/Qwen2.5-0.5B,21,818,0.030619029219367072,230.1050196259423,0.6115151144957984
Qwen/Qwen2.5-1.5B,26,71,0.028391040457566165,371.91017571677986,3.738535464074208
Qwen/Qwen2.5-1.5B,26,114,0.025918277213761737,372.52715191155005,3.8898088808637614
Qwen/Qwen2.5-1.5B,26,279,0.009553010436888899,505.07773004373695,4.004298275707696
Qwen/Qwen2.5-1.5B,26,717,0.014422886491389692,470.48560230883874,3.730166365392092
Qwen/Qwen2.5-1.5B,26,1008,0.012456636698437143,454.52015892949026,3.946581552176067
Qwen/Qwen2.5-3B,30,145,0.011000696867174533,635.6611543317011,4.556944867725429
Qwen/Qwen2.5-3B,30,218,0.011501303842802015,626.5787180005531,4.564922774140049
Qwen/Qwen2.5-3B,30,1437,0.011373294032780106,621.3471690095703,4.6273909391421375
Qwen/Qwen2.5-3B,30,1453,0.011733943760059167,636.2201830637428,4.337426685539535
Qwen/Qwen2.5-3B,30,1579,0.09020817137855418,86.24053724659319,2.6733301019419655
HuggingFaceTB/SmolLM2-135M,11,66,0.026756453978158307,143.76189394238176,151.17657932981382
HuggingFaceTB/SmolLM2-135M,11,436,0.04373514322701722,117.77981655027526,163.49381628729913
HuggingFaceTB/SmolLM2-135M,11,514,0.03942907953994088,134.9656027059103,167.1506891849431
HuggingFaceTB/SmolLM2-135M,11,529,0.034721224103136585,135.0231533446548,160.53284229581737
HuggingFaceTB/SmolLM2-135M,11,558,0.03898734449633432,131.62196820994222,157.53016234302223
HuggingFaceTB/SmolLM2-360M,3,16,0.012804239737699294,280.21807702485734,256.5163476674804
HuggingFaceTB/SmolLM2-360M,3,337,0.019292654937681272,258.0271262222492,256.2331011718915
HuggingFaceTB/SmolLM2-360M,3,782,0.015836807438479462,274.18288477754015,250.5267310884381
HuggingFaceTB/SmolLM2-360M,3,913,0.019525194729250166,237.69716352050798,254.39390864147404
HuggingFaceTB/SmolLM2-360M,3,951,0.01558441454799738,271.6773743303964,246.9495395324083
HuggingFaceTB/SmolLM2-1.7B,7,150,0.013305137530174614,595.9474211833416,253.6653488624343
HuggingFaceTB/SmolLM2-1.7B,7,464,0.013202826336233563,590.2733665453738,253.1665097121866
HuggingFaceTB/SmolLM2-1.7B,7,518,0.01320682267162399,596.5623108786807,248.26898309551697
HuggingFaceTB/SmolLM2-1.7B,7,1383,0.013290469084506793,590.3048148674034,250.9799435180605
HuggingFaceTB/SmolLM2-1.7B,7,1453,0.01263127266370162,605.7935876499786,252.49372027442428
GenerTeam/GENERator-v2-prokaryote-1.2b-base,4,64,0.013025004767561563,499.8650912642666,1.9301461179918071
GenerTeam/GENERator-v2-prokaryote-1.2b-base,4,868,0.012471289763498563,498.51880309937457,1.9297546472858567
GenerTeam/GENERator-v2-prokaryote-1.2b-base,4,1125,0.012312329283789369,510.4801141054632,1.9209251280847148
GenerTeam/GENERator-v2-prokaryote-1.2b-base,4,1301,0.013623127933924652,492.7328760676829,1.9658428048321588
GenerTeam/GENERator-v2-prokaryote-1.2b-base,4,1839,0.012477562780692024,501.958931339917,1.9931946901012048
GenerTeam/GENERator-v2-prokaryote-3b-base,8,4,0.008751366448971109,708.1924437058885,6.815884146880349
GenerTeam/GENERator-v2-prokaryote-3b-base,8,285,0.008107479328136786,722.7290416359135,6.826260449506391
GenerTeam/GENERator-v2-prokaryote-3b-base,8,1057,0.008265001776592472,713.0222312658,6.812614124053642
GenerTeam/GENERator-v2-prokaryote-3b-base,8,1853,0.0109473607400331,683.9265410682262,6.81118054439466
GenerTeam/GENERator-v2-prokaryote-3b-base,8,2307,0.00904271623012913,708.5610505861009,6.669752729229174
EuroBERT/EuroBERT-210m,3,72,0.15243100116033595,35.18001035444176,0.13712055353624836
EuroBERT/EuroBERT-210m,3,216,0.21858404524793604,19.051224186237047,0.13418716667662492
EuroBERT/EuroBERT-210m,3,514,0.10896112405169942,58.45340965252997,0.13359245231760958
EuroBERT/EuroBERT-210m,3,543,0.08847561324081633,78.5698893332249,0.13658333982428578
EuroBERT/EuroBERT-210m,3,757,0.10214418523593437,63.97887999340167,0.1386345000250687
EuroBERT/EuroBERT-610m,13,163,0.026338343030813335,263.25917653169006,0.1429669568601858
EuroBERT/EuroBERT-610m,13,342,0.03443904995464864,240.4619234349289,0.14156970348189613
EuroBERT/EuroBERT-610m,13,396,0.03596640683197582,226.51930072151941,0.14404623400570657
EuroBERT/EuroBERT-610m,13,557,0.03204270327775329,249.92396722145565,0.14167986124950258
EuroBERT/EuroBERT-610m,13,777,0.03357504235286746,245.48604153793454,0.14167120775799147
EuroBERT/EuroBERT-2.1B,14,427,0.06482330544320554,167.80785808989327,0.13196035189504135
EuroBERT/EuroBERT-2.1B,14,554,0.04717126445225402,235.07679331509874,0.13112796037492308
EuroBERT/EuroBERT-2.1B,14,758,0.04060900770269803,275.8472524647333,0.13352817045837048
EuroBERT/EuroBERT-2.1B,14,1103,0.051665524865586565,221.46224779052116,0.13166230468278498
EuroBERT/EuroBERT-2.1B,14,1935,0.03838257115191648,297.50465140305863,0.131377949559223
answerdotai/ModernBERT-large,19,40,0.6431978021476956,2.4116138770877953,36.58442982228172
answerdotai/ModernBERT-large,19,558,0.25477038316901224,14.37537135590773,26.645597736876592
answerdotai/ModernBERT-large,19,709,0.7969730729418231,1.5736201588659608,47.48054622734535
answerdotai/ModernBERT-large,19,816,0.2248459598856094,18.240334232930337,25.02791513270435
answerdotai/ModernBERT-large,19,873,0.21211274700972377,20.46699108205947,25.24469999559645
