model	epsilon	candidate_R	R_random_ctrl1	R_random_ctrl2	R_random_ctrl3	R_random_ctrl4	R_random_ctrl5	R_topnorm_rank2	R_topnorm_rank3	R_topnorm_rank4	R_topnorm_rank5	R_topnorm_rank6	median_random_control_R	median_topnorm_control_R	causal_random_control_gap	causal_topnorm_control_gap
DNABERT-2	0.5	0.003106690560738079	-8.49168313720839e-06	1.3518807631645606e-06	5.3272880228548335e-05	-5.303856776098012e-06	1.367627409227114e-05	0.0003477334648928465	0.00035872164542334123	-5.4580277199340465e-06	2.2694156801096355e-05	1.2305372831064471e-05	1.3518807631645606e-06	2.2694156801096355e-05	0.0031053386799749145	0.0030839964039369827
DNABERT-2	1.0	0.008295371435906092	-1.0196971140957575e-05	1.0589183390887352e-05	0.00011458102005853469	5.615471375695601e-06	3.381520714192586e-05	0.00559384648324176	0.0025343808887007594	5.461473759948653e-05	6.713888036845243e-05	3.506360407992685e-05	1.0589183390887352e-05	6.713888036845243e-05	0.008284782252515204	0.008228232555537639
EuroBERT/EuroBERT-2.1B	0.5	0.00021691458056755973	-4.549369936865021e-07	1.738597051916562e-05	-3.006272837080555e-06	1.0481994248537753e-05	2.0189366048188806e-05	-0.00034809962669051794	-0.0006370423958761064	-0.0002913656797838437	0.0013558534471582748	6.591293315814222e-07	1.0481994248537753e-05	-0.0002913656797838437	-4.921311669156121e-05	0.0005082802603514035
EuroBERT/EuroBERT-2.1B	1.0	0.0004381012956915371	-3.504244409912655e-07	3.522073023468464e-05	-5.176445253473666e-06	2.3816566404107678e-05	4.150377898647419e-05	-0.0006987015036210776	-0.0010725926169323724	-0.00042543746825680624	0.0029115085244618005	4.777467043731918e-05	2.3816566404107678e-05	-0.00042543746825680624	-0.0001428010336684095	0.0008635387639483433
EuroBERT/EuroBERT-210m	0.5	0.001759996503115295	-0.00032033684451960556	-0.00021845936405199943	0.00020553474459762146	9.465543315649308e-05	-4.861109799560679e-06	0.00123094865626647	0.0013206828214349527	0.0013656285863441098	-6.436214167036276e-05	-0.00035708459979859125	-4.861109799560679e-06	0.00123094865626647	0.0009987249968849252	0.0005290478468488252
EuroBERT/EuroBERT-210m	1.0	0.0026753987745807496	-0.0006281728275996003	-0.00041050649640401993	0.00042719045481926285	0.0001938995602456802	-1.5297664337805453e-05	0.0020229891474497015	0.001894809587896423	0.002167014116716564	-0.00036257420507372737	-0.0008485707152945667	-1.5297664337805453e-05	0.001894809587896423	0.0016044689181243473	0.0007805891866843266
EuroBERT/EuroBERT-610m	0.5	4.384791300619445e-05	1.2138646054639443e-05	-7.3482160936709145e-06	-0.00018525524733079997	0.00010267452089086335	-1.1488361444418067e-05	2.141030261587275e-05	0.00012677582234783816	-8.187642961973508e-05	-2.040716678909834e-05	-4.483896285913159e-05	-7.3482160936709145e-06	-2.040716678909834e-05	-0.008376722490132245	6.42550797952928e-05
EuroBERT/EuroBERT-610m	1.0	9.187152996575249e-05	2.584339421175498e-05	-1.3748100464335167e-05	-0.0003614010910820975	0.00020897437848301233	-2.142687790154331e-05	4.508068233544724e-05	0.0002550321764880559	-0.0001615169540832281	-4.066930189236431e-05	-8.776229886838645e-05	-1.3748100464335167e-05	-4.066930189236431e-05	0.009233662130237843	0.0001325408318581168
GENERator-EUK-3B	0.5	0.04290482058827287	1.0724462876826533e-05	1.8480072574255856e-05	7.2105654050200855e-06	-6.777722386921341e-06	4.587930632780277e-06	0.01753411959463914	-0.00026201275125493575	0.0003215242323458541	0.0001472788274597365	7.105085005990439e-05	7.2105654050200855e-06	0.0001472788274597365	0.04289761002286785	0.04275754176081314
GENERator-EUK-3B	1.0	0.3709941910582313	2.6158858936598123e-05	1.9056854331654044e-05	1.404308159207964e-05	-1.0576883663709892e-05	2.1459940521057942e-05	0.10790842709520151	-0.00039907547535422314	0.0017577183694456192	0.0004622170690468023	0.00022003257921927657	1.9056854331654044e-05	0.0004622170690468023	0.3709751342038996	0.37053197398918447
GenerTeam/GENERator-v2-prokaryote-1.2b-base	0.5	0.0018237718323049219	8.963283592602203e-06	-8.648823584416378e-06	-6.4264830784001215e-06	-2.4605908964166077e-05	-2.211838949623826e-05	0.0016257541357476062	0.0021114604989303045	0.00021865706799244805	0.0003864731101406456	-0.0006895885042217362	-8.648823584416378e-06	0.0003864731101406456	0.0018324206558893383	0.0014372987221642763
GenerTeam/GENERator-v2-prokaryote-1.2b-base	1.0	0.006042811947788043	1.8679276495822035e-05	-1.6956786600080415e-05	-1.275147066926459e-05	-5.120418021927605e-05	-4.32423578842154e-05	0.0038862000371176976	0.0044581142035241255	0.0005131471056538274	0.0008277056759667331	-0.0015168529974903947	-1.6956786600080415e-05	0.0008277056759667331	0.006059768734388123	0.00521510627182131
GenerTeam/GENERator-v2-prokaryote-3b-base	0.5	0.00140949838720012	-1.013545390355065e-06	-2.3638008629691156e-05	1.926951801779931e-05	6.407736991929976e-06	-9.565877283147893e-06	1.0630360420511126e-05	0.0003493281722484171	-0.00037745391212452736	0.00021037347244999295	0.0013745134166688764	-1.013545390355065e-06	0.00021037347244999295	0.001410511932590475	0.001199124914750127
GenerTeam/GENERator-v2-prokaryote-3b-base	1.0	0.002501651718659897	-1.8812235973994377e-06	-4.683610035695084e-05	3.888633885336442e-05	1.2939924160001412e-05	-1.913812178480658e-05	1.4874400856261508e-05	0.0005880473430259517	-0.0007059578074064672	0.0005310503198909757	0.0028200062679245835	-1.8812235973994377e-06	0.0005310503198909757	0.002503532942257296	0.0019706013987689213
GenomeOcean-4B	0.5	0.0042586670025043395	-2.9349922096481922e-06	-1.1315925091575242e-05	-6.627140365994572e-06	-3.499350743178534e-05	4.881592146805413e-06	0.003090892218824625	0.010844137848998665	0.002545585493967851	0.004743113757993683	0.0010490620073033473	-6.627140365994572e-06	0.003090892218824625	0.004265294142870334	0.0011677747836797143
GenomeOcean-4B	1.0	0.007641126234624247	-4.3706997226805605e-06	-2.0574020575640092e-05	-1.30559581011994e-05	-6.82757384255363e-05	1.1516483938095415e-05	0.005340990379857566	0.09168233236385218	0.004595482179954861	0.008654232375088843	0.005201104725848349	-1.30559581011994e-05	0.005340990379857566	0.0076541821927254465	0.002300135854766681
HuggingFaceTB/SmolLM2-1.7B	0.5	0.03905575617362741	-6.545614582564039e-06	4.55013409000985e-06	-8.369322943997335e-07	-1.5832273797833984e-05	-1.188151480073741e-05	0.011956659625593046	2.02207132263919	-0.0001330101044773265	-3.613793243589887e-05	1.602231955898918e-05	-6.545614582564039e-06	1.602231955898918e-05	0.03906230178820997	0.03903973385406842
HuggingFaceTB/SmolLM2-1.7B	1.0	6.988738472947954	-8.076944850709427e-06	1.3876995293121746e-05	2.7483540848555127e-06	-2.6547930948097482e-05	-1.807993039651355e-05	0.022074498596237883	2.8718114149597667	5.300083901553244e-05	-3.567012748524541e-05	6.076713214105126e-05	-8.076944850709427e-06	6.076713214105126e-05	6.988746549892805	6.988677705815813
HuggingFaceTB/SmolLM2-135M	0.5	0.03780837142953165	-3.1638574361431237e-05	-4.6686224307102264e-05	4.3593884468241926e-05	6.740605940561505e-06	1.3750488664856847e-05	0.004551261184744138	0.0038222999767460754	-4.782124042764647e-05	0.0016355582297667706	0.0002914009117144238	6.740605940561505e-06	0.0016355582297667706	0.03780163082359109	0.036172813199764876
HuggingFaceTB/SmolLM2-135M	1.0	3.1341752821146263	-3.804620363410262e-05	-7.50384637274596e-05	0.0001183920259048394	4.040309935367159e-05	5.3594766306212044e-05	0.010903486035236465	0.007223404736579711	0.00038456488797970973	0.004176723237645929	0.0013564629775229592	4.040309935367159e-05	0.004176723237645929	3.1341348790152725	3.1299985588769803
HuggingFaceTB/SmolLM2-360M	0.5	0.022680901177107363	1.3331685505027129e-05	1.9309389760267522e-05	-8.857986967881517e-06	1.0505687499059314e-06	0.00011752639162009029	0.006480438124082308	0.0027598472994170694	0.000718330374321764	0.0024468959609919563	3.780131569071546e-05	1.3331685505027129e-05	0.0024468959609919563	0.022667569491602337	0.020234005216115406
HuggingFaceTB/SmolLM2-360M	1.0	0.5915447008237732	3.85740744674044e-05	4.798768138201671e-05	5.045284574301409e-06	1.371167845723128e-05	0.00025465275584639097	0.019806778182080764	0.009248875180148178	0.0024513792391833867	0.006444731559455412	8.722275199313501e-05	3.85740744674044e-05	0.006444731559455412	0.5915061267493058	0.5850999692643177
Llama-7B	0.5	0.03855088724231734	-2.1194014786478862e-06	-9.092572809449384e-06	7.100846118669469e-06	1.5727405952440314e-05	2.853531508888723e-06	-0.0008515206139583852	2.852893134957295e-05	-0.0009168901053477756	-5.982840559576221e-05	-0.00011446044732521884	2.853531508888723e-06	-0.00011446044732521884	0.03854803371080845	0.03866534768964256
Llama-7B	1.0	3.007945593585156	-3.5940452784438422e-06	-1.588699943727528e-05	1.6235977190741512e-05	3.338057328855587e-05	8.801048710602857e-06	6.340117174309251e-05	0.001319806200907375	-0.0009461957249902121	-6.839751177491334e-05	-0.00014544073460193597	8.801048710602857e-06	-6.839751177491334e-05	3.0079367925364453	3.008013991096931
Mistral-7B	0.5	3.013789457796915	1.7121785923554652e-06	-1.5006996435873698e-05	5.598672476721859e-05	4.435213572215003e-06	-3.740385091803032e-06	-0.0011759528296053964	-0.0008322638223826832	-0.0007206388693757244	-0.0002468372765834784	0.0003036313877158928	1.7121785923554652e-06	-0.0007206388693757244	3.013787745618323	3.014510096666291
Mistral-7B	1.0	2.871492377308394	5.021813317536439e-06	-2.8951186690941136e-05	0.00011591514007380235	9.777383946335692e-06	-6.0326697052417106e-06	0.00028187091819781496	-0.0015457184683095814	0.0006361490248817529	-0.00035052473414385975	0.0002034310600066514	5.021813317536439e-06	0.0002034310600066514	2.871487355495076	2.871288946248387
ModernBERT-base	0.5	0.10926316989708436	1.3859699371800636e-05	-2.604030601732931e-05	2.61798882978562e-05	3.587264606335805e-05	-3.19273939613398e-05	0.001467547569343484	0.0003168723033191138	5.95359479528008e-05	0.0014124289900293578	7.680309711081478e-05	1.3859699371800636e-05	0.0003168723033191138	0.10924931019771256	0.10894629759376524
ModernBERT-base	1.0	3.570440314807799	6.485239069165062e-05	-6.79847812782164e-06	8.652869776581809e-05	0.00011325049374059404	-3.804027677074566e-05	0.007377354582184819	0.002478398338655532	0.0010815738265029587	0.004491897365625474	0.0005529141502017866	6.485239069165062e-05	0.002478398338655532	3.570375462417107	3.5679619164691436
MosaicBERT	0.5	-0.0017349806458838244	3.4594878618880962e-06	-6.827627155315465e-05	-4.8441874478500753e-05	-2.449226962061112e-05	8.69077617373045e-05	-0.001969972576933625	0.0003262138776501069	0.00033035621867163117	0.00016426462365209097	0.00012522893839259818	-2.449226962061112e-05	0.00016426462365209097	-0.0017104883762632133	-0.0018992452695359154
MosaicBERT	1.0	0.003742157414503058	4.138271035797036e-05	-0.00010857365238568204	-7.215180239967285e-05	-1.6049310355068717e-05	0.0002180969681061668	-0.0009855153866103897	0.0008602186151225516	0.0007100451864738748	0.0003703234784403475	0.0003620252297781547	-1.6049310355068717e-05	0.0003703234784403475	0.0037582067248581267	0.0033718339360627107
NTv3	0.5	-0.004981039705982557	-1.5373947077456274e-05	6.233252167075502e-06	4.440755825193901e-06	-2.4052531387696408e-05	-8.554853339529772e-07	4.1798266543867505e-05	1.5037223605355064e-05	2.7150934400726233e-06	-3.2366654257315966e-07	-3.096458362626024e-06	-8.554853339529772e-07	2.7150934400726233e-06	-0.004980184220648604	-0.00498375479942263
NTv3	1.0	-0.007949366731059835	-2.6624938870692245e-05	1.1252786854012865e-05	7.995959049197915e-06	-5.352196834321887e-05	-1.703074537723427e-06	8.298684285285875e-05	3.176020154936635e-05	1.370394225968748e-05	-5.229941446147991e-06	6.826348775168452e-06	-1.703074537723427e-06	1.370394225968748e-05	-0.007947663656522112	-0.007963070673319523
OLMo-7B-0724-hf	0.5	0.006288051768048048	-3.921241632109546e-06	-4.32715141049352e-06	-1.4831024258933239e-05	4.836453302007753e-06	8.225417017166392e-06	0.000725517776694266	0.0007292628687998667	0.0004391828921281766	-6.278964750098273e-05	-0.00012566736976504192	-3.921241632109546e-06	0.0004391828921281766	0.006291973009680158	0.0058488688759198715
OLMo-7B-0724-hf	1.0	1.1177580569022323	-7.3944507730981204e-06	-7.99182742786676e-06	-2.9030207824853845e-05	1.0806390513337494e-05	1.7500072518002808e-05	0.002469103229462146	0.0034224091492063608	0.0013813760743563751	0.0006377953125270478	-0.00015758106875096465	-7.3944507730981204e-06	0.0013813760743563751	1.1177654513530053	1.116376680827876
Qwen/Qwen2.5-0.5B	0.5	0.005163987341006483	0.00026306000948978604	4.6260265514376735e-05	-4.463200681257728e-06	-2.0834379634069494e-06	4.692012269919189e-05	0.020873494502228813	0.0013439519017878132	0.0028255145755731377	0.005966676112400022	0.0010897755251393557	4.6260265514376735e-05	0.0028255145755731377	0.005117727075492106	0.002338472765433345
Qwen/Qwen2.5-0.5B	1.0	0.005556031100779856	0.0009792311173006825	0.00012730355837759104	2.9021496558116972e-06	2.7820923069320827e-05	0.00011915615508058293	0.03812151673306173	0.008502666128516434	0.006486808538405357	0.016673515739854518	0.0029094569631978743	0.00011915615508058293	0.008502666128516434	0.005436874945699274	-0.002946635027736578
Qwen/Qwen2.5-1.5B	0.5	0.005991425378877851	1.8198308128905015e-05	-1.6870192272531205e-05	8.218367047060414e-07	9.896717111325504e-06	2.583410738571613e-05	0.006094498265848345	0.005758582048861584	0.002891127900345043	0.0037041914115803647	0.00978858143272681	9.896717111325504e-06	0.005758582048861584	0.005981528661766525	0.00023284333001626686
Qwen/Qwen2.5-1.5B	1.0	0.006480525715832325	4.837740028680047e-05	-1.8260726106351147e-05	1.7279376792383317e-05	2.832389115790904e-05	6.795930691855483e-05	0.006625227926180446	0.006373721620868946	0.004517917246911131	0.004980698003321133	0.018543743087382367	2.832389115790904e-05	0.006373721620868946	0.006452201824674416	0.00010680409496337858
Qwen/Qwen2.5-3B	0.5	0.02036779513602715	1.3108243494329004e-05	-2.481490763137478e-05	1.7561825943497115e-05	-6.7846687433275386e-06	1.6109013920305393e-05	0.004119318580513904	0.0018495760846384676	0.0021816625649246405	0.001309148309371212	0.0027322966191156983	1.3108243494329004e-05	0.0021816625649246405	0.02035468689253282	0.01818613257110251
Qwen/Qwen2.5-3B	1.0	0.03175519925651747	3.21924115075715e-05	-4.175828210896342e-05	4.210593234122148e-05	-6.290639465908206e-06	3.8080508599286175e-05	0.009085139860255702	0.005949279873100419	0.007056384845908851	0.0029037833300008904	0.010143189555553609	3.21924115075715e-05	0.007056384845908851	0.0317230068450099	0.02469881441060862
Qwen2.5-7B	0.5	0.005999443397646881	6.525397457735785e-06	-8.679715278626576e-06	-1.043985538239135e-05	7.59475086877558e-06	-2.9973117508913253e-06	0.0041715671705583384	0.008849875164502361	0.004059784614348421	0.002545478712699824	0.00020499973221289509	-2.9973117508913253e-06	0.004059784614348421	0.006002440709397772	0.0019396587832984594
Qwen2.5-7B	1.0	0.0073805601611145735	2.107094549881418e-05	-1.1290654811525414e-05	-1.5591484954173465e-05	2.2975487340539603e-05	-4.6442721132295654e-07	0.011117981555004087	0.012707610525392708	0.008258311979666153	0.008742389535685343	0.0022216948913588905	-4.6442721132295654e-07	0.008742389535685343	0.007381024588325897	-0.0013618293745707695
answerdotai/ModernBERT-large	0.5	0.08090224393281813	1.6563140138800046e-06	-2.864809794499256e-05	-4.662217224469844e-06	-0.00010014054080015342	1.5719646891536723e-05	-6.384988282163786e-05	0.0009033557080397515	0.0005615824681737487	-7.1057916030670155e-06	0.001016460484455113	-4.662217224469844e-06	0.0005615824681737487	0.08090690615004259	0.08034066146464437
answerdotai/ModernBERT-large	1.0	2.2066469967108513	1.721748641654245e-05	-3.865755115268413e-05	1.0745592769516807e-05	-0.0001811516771552433	4.8390952024759275e-05	0.00025424420114101236	0.003602053565593845	0.0026229879484598946	7.094545026412649e-05	0.003280713310646922	1.0745592769516807e-05	0.0026229879484598946	2.206636251118082	2.2040240087623912
