model,architecture,domain,total_params,candidate_effect_eps0p5,candidate_ci_low_eps0p5,candidate_ci_high_eps0p5,median_control_effect_eps0p5,candidate_minus_control_eps0p5,candidate_effect_eps1p0,candidate_ci_low_eps1p0,candidate_ci_high_eps1p0,median_control_effect_eps1p0,candidate_minus_control_eps1p0
Llama-7B,decoder,text,6738417664,0.03855088724231734,0.0364189868726007,0.04092389919047479,2.853531508888723e-06,0.03854803371080845,3.007945593585156,2.9369114630775157,3.0840393943509667,8.801048710602857e-06,3.0079367925364453
Mistral-7B,decoder,text,7241732096,3.013789457796915,2.932549787641434,3.0959455951425787,1.7121785923554652e-06,3.013787745618323,2.871492377308394,2.798798262184707,2.9513578256428548,5.021813317536439e-06,2.871487355495076
OLMo-7B-0724-hf,decoder,text,6888095744,0.006288051768048048,0.005398174873445165,0.007198394986122934,-3.921241632109546e-06,0.006291973009680158,1.1177580569022323,1.06115035576345,1.1763996986833076,-7.3944507730981204e-06,1.1177654513530053
Qwen2.5-7B,decoder,text,7615616512,0.005999443397646881,0.0055606032246603215,0.00642426382397685,-2.9973117508913253e-06,0.006002440709397772,0.0073805601611145735,0.006781054632485803,0.007968708552834472,-4.6442721132295654e-07,0.007381024588325897
MosaicBERT,encoder,text,137400384,-0.0017349806458838244,-0.002241310395933119,-0.0012571431678653708,-2.449226962061112e-05,-0.0017104883762632133,0.003742157414503058,0.0028434660638321195,0.004636148279299672,-1.6049310355068717e-05,0.0037582067248581267
ModernBERT-base,encoder,text,149655232,0.10926316989708436,0.10111933395258395,0.11711730402113898,1.3859699371800636e-05,0.10924931019771256,3.570440314807799,3.4777132643830533,3.6702696047326904,6.485239069165062e-05,3.570375462417107
NTv3,encoder,genomic,651829819,-0.004981039705982557,-0.006946986320810988,-0.0028872463830030147,-8.554853339529772e-07,-0.004980184220648604,-0.007949366731059835,-0.011857754572508752,-0.004142335000732689,-1.703074537723427e-06,-0.007947663656522112
DNABERT-2,encoder,genomic,117074176,0.003106690560738079,0.0014604033589265127,0.005065319299870445,1.3518807631645606e-06,0.0031053386799749145,0.008295371435906092,0.00567776581894784,0.011484139295402299,1.0589183390887352e-05,0.008284782252515204
GENERator-EUK-3B,decoder,genomic,2998262784,0.04290482058827287,0.033733681417347845,0.05404664984043458,7.2105654050200855e-06,0.04289761002286785,0.3709941910582313,0.33584090104894765,0.4125371824476298,1.9056854331654044e-05,0.3709751342038996
GenomeOcean-4B,decoder,genomic,4253174784,0.0042586670025043395,0.00312960827816901,0.005554653910832048,-6.627140365994572e-06,0.004265294142870334,0.007641126234624247,0.005742304574306677,0.009938488573542193,-1.30559581011994e-05,0.0076541821927254465
Qwen/Qwen2.5-0.5B,decoder,text,494032768,0.005163987341006483,0.004757193531191201,0.005590703259716082,4.6260265514376735e-05,0.005117727075492106,0.005556031100779856,0.005156171135172713,0.0059805067465599025,0.00011915615508058293,0.005436874945699274
Qwen/Qwen2.5-1.5B,decoder,text,1543714304,0.005991425378877851,0.00529860510957706,0.006717235972304664,9.896717111325504e-06,0.005981528661766525,0.006480525715832325,0.005769423092791129,0.007184987427703715,2.832389115790904e-05,0.006452201824674416
Qwen/Qwen2.5-3B,decoder,text,3085938688,0.02036779513602715,0.01935145109596986,0.021379115323118227,1.3108243494329004e-05,0.02035468689253282,0.03175519925651747,0.02994176562796433,0.03375019424230702,3.21924115075715e-05,0.0317230068450099
HuggingFaceTB/SmolLM2-135M,decoder,text,134515008,0.03780837142953165,0.03553572545937581,0.04022210639669096,6.740605940561505e-06,0.03780163082359109,3.1341752821146263,3.095335193166447,3.1734353688080112,4.040309935367159e-05,3.1341348790152725
HuggingFaceTB/SmolLM2-360M,decoder,text,361821120,0.022680901177107363,0.021620257310486557,0.0239806577925057,1.3331685505027129e-05,0.022667569491602337,0.5915447008237732,0.3593590653264605,0.8433966699627629,3.85740744674044e-05,0.5915061267493058
HuggingFaceTB/SmolLM2-1.7B,decoder,text,1711376384,0.03905575617362741,0.037077223873462926,0.04129755347185535,-6.545614582564039e-06,0.03906230178820997,6.988738472947954,6.6808757015606,7.27035454794628,-8.076944850709427e-06,6.988746549892805
GenerTeam/GENERator-v2-prokaryote-1.2b-base,decoder,genomic,1162061824,0.0018237718323049219,0.001213688710937795,0.002481882287416011,-8.648823584416378e-06,0.0018324206558893383,0.006042811947788043,0.005012308049143929,0.007179856271093762,-1.6956786600080415e-05,0.006059768734388123
GenerTeam/GENERator-v2-prokaryote-3b-base,decoder,genomic,2998262784,0.00140949838720012,0.0008128521416631068,0.0020305268089298523,-1.013545390355065e-06,0.001410511932590475,0.002501651718659897,0.0014859998533419184,0.0035783101237705736,-1.8812235973994377e-06,0.002503532942257296
EuroBERT/EuroBERT-210m,encoder,text,310266624,0.0009938638870853646,0.0007873787602258269,0.001186682650108432,-4.861109799560679e-06,0.0009987249968849252,0.0015891712537865418,0.0011704618481542639,0.001960370886345331,-1.5297664337805453e-05,0.0016044689181243473
EuroBERT/EuroBERT-610m,encoder,text,755625600,-0.008384070706225917,-0.009030477164113435,-0.00771478975302317,-7.3482160936709145e-06,-0.008376722490132245,0.009219914029773508,0.007501812838484091,0.010896448870370501,-1.3748100464335167e-05,0.009233662130237843
EuroBERT/EuroBERT-2.1B,encoder,text,2403092736,-3.873112244302346e-05,-9.826940263025245e-05,2.695410113053343e-05,1.0481994248537753e-05,-4.921311669156121e-05,-0.00011898446726430181,-0.00021876490059912862,-1.0343492504527748e-05,2.3816566404107678e-05,-0.0001428010336684095
answerdotai/ModernBERT-large,encoder,text,395881664,0.08090224393281813,0.07179968578369442,0.09009900121386606,-4.662217224469844e-06,0.08090690615004259,2.2066469967108513,2.118489576152036,2.297794205718422,1.0745592769516807e-05,2.206636251118082
